country,iso2,iso_num,es,group,spe,fdi,fdi_years,income_year,income,lifesat_year,lifesat,pop,fdi_t,income_t,lifesat_t,cls_income,cls_lifesat
Austria,AT,40,AT,West,other,49.35644820762648,5,2025,32385,2025,7.7,9208163,1.0,2.0,2.0,1_2,1_2
Belgium,BE,56,BE,West,other,95.71601425538486,5,2025,26860,2025,7.6,11941781,2.0,2.0,2.0,2_2,2_2
Denmark,DK,208,DK,West,other,43.4186463215065,5,2025,25296,2025,7.7,6009169,1.0,2.0,2.0,1_2,1_2
Finland,FI,246,FI,West,other,29.463065350613142,5,2025,24091,2025,7.8,5646436,0.0,2.0,2.0,0_2,0_2
France,FR,250,FR,West,other,32.86968551287772,5,2025,23792,2025,7.1,68720337,0.0,2.0,1.0,0_2,0_1
Germany,DE,276,DE,West,other,24.652306621731636,5,2025,26594,2025,7.0,83491249,0.0,2.0,0.0,0_2,0_0
Greece,GR,300,EL,West,other,19.87288158527128,5,2025,13612,2025,6.9,10413962,0.0,0.0,0.0,0_0,0_0
Ireland,IE,372,IE,West,SPE hub,252.97535255960202,5,2025,25449,2025,7.6,5484367,2.0,2.0,2.0,2_2,2_2
Italy,IT,380,IT,West,other,20.621349637581652,5,2025,22624,2025,7.1,58915656,0.0,1.0,1.0,0_1,0_1
Luxembourg,LU,442,LU,West,SPE hub,3840.0889744792635,5,2025,37673,2025,7.4,686970,2.0,2.0,1.0,2_2,2_1
Netherlands,NL,528,NL,West,SPE hub,376.3287132215363,5,2025,29714,2025,7.6,18087633,2.0,2.0,2.0,2_2,2_2
Portugal,PT,620,PT,West,other,66.75721144659437,5,2025,16634,2025,7.3,10804871,2.0,0.0,1.0,2_0,2_1
Spain,ES,724,ES,West,other,46.204874554246075,5,2025,22408,2025,7.2,49355143,1.0,1.0,1.0,1_1,1_1
Sweden,SE,752,SE,West,other,68.11243123142188,5,2025,24826,2025,7.4,10596620,2.0,2.0,1.0,2_2,2_1
Norway,NO,578,NO,West,other,30.98822472768839,5,2025,33801,2025,7.7,5610870,0.0,2.0,2.0,0_2,0_2
Switzerland,CH,756,CH,West,other,135.66098154925695,5,2024,29828,2024,7.7,9092436,2.0,2.0,2.0,2_2,2_2
Iceland,IS,352,IS,West,other,36.418976609640175,5,2020,22645,2018,8.1,392404,0.0,2.0,2.0,0_2,0_2
United Kingdom,GB,826,UK,West,other,56.86291780616166,1,2018,18423,2018,7.6,69487000,1.0,1.0,2.0,1_1,1_2
Cyprus,CY,196,CY,West,SPE hub,1584.7931581185653,5,2025,23782,2025,7.4,1370754,2.0,2.0,1.0,2_2,2_1
Malta,MT,470,MT,West,SPE hub,1553.091004479777,4,2025,24054,2025,7.6,579704,2.0,2.0,2.0,2_2,2_2
Bulgaria,BG,100,BG,East,other,63.40355077979908,5,2025,14843,2025,6.3,6433302,2.0,0.0,0.0,2_0,2_0
Croatia,HR,191,HR,East,other,41.64947454759001,5,2025,19745,2025,7.4,3876200,1.0,1.0,1.0,1_1,1_1
Czechia,CZ,203,CZ,East,other,66.14651506599425,5,2025,17190,2025,7.4,10886878,2.0,1.0,1.0,2_1,2_1
Estonia,EE,233,EE,East,other,96.09217507346776,5,2025,17147,2025,7.3,1366475,2.0,1.0,1.0,2_1,2_1
Hungary,HU,348,HU,East,other,176.22794127069815,5,2025,11958,2025,7.1,9514251,2.0,0.0,1.0,2_0,2_1
Latvia,LV,428,LV,East,other,60.39629700766211,5,2025,17097,2025,6.9,1847785,1.0,1.0,0.0,1_1,1_0
Lithuania,LT,440,LT,East,other,46.35592745094232,5,2025,17136,2025,7.3,2888774,1.0,1.0,1.0,1_1,1_1
Poland,PL,616,PL,East,other,40.266196062511234,5,2025,19925,2025,7.7,36435861,0.0,1.0,2.0,0_1,0_2
Romania,RO,642,RO,East,other,38.68807836470118,5,2025,12861,2025,7.8,19020271,0.0,0.0,2.0,0_0,0_2
Slovakia,SK,703,SK,East,other,53.00161910143835,5,2025,15333,2025,7.4,5413813,1.0,0.0,1.0,1_0,1_1
Slovenia,SI,705,SI,East,other,35.233517887324254,5,2025,22635,2025,7.6,2130986,0.0,1.0,2.0,0_1,0_2
Serbia,RS,688,RS,East,other,67.87509023866404,3,2025,11570,2025,6.6,6549143,2.0,0.0,0.0,2_0,2_0
Albania,AL,8,AL,East,other,53.369719497250074,5,2023,6174,2023,6.3,2349580,1.0,0.0,0.0,1_0,1_0
North Macedonia,MK,807,MK,East,other,53.10898041948326,5,2024,9356,2024,6.2,1820909,1.0,0.0,0.0,1_0,1_0
Montenegro,ME,499,ME,East,other,112.01988033198225,1,2024,10293,2024,6.8,623129,2.0,0.0,0.0,2_0,2_0
