iso2,year,value
AL,2025,6.0631729079562
AL,2024,6.32558905401363
AL,2023,6.90036950940795
AL,2022,7.57934042905775
AL,2021,6.75791457973236
AL,2020,7.01865154497786
AL,2019,7.70621465029911
AL,2018,7.83109146132114
AL,2017,7.71411336285186
AL,2016,8.71147225448456
AL,2015,8.62740636982337
AL,2014,8.64846635716115
AL,2013,9.80035898039468
AL,2012,7.49597513325321
AT,2025,-2.01581463662181
AT,2024,2.55351579610657
AT,2023,0.566112370322707
AT,2022,3.0221599256451
AT,2021,3.95409878611296
AT,2020,-2.76332070661681
AT,2019,-2.85255617561831
AT,2018,-6.15119207172195
AT,2017,3.38180275607348
AT,2016,-7.23989904197038
AT,2015,-1.80409511056007
AT,2014,0.389557041234778
AT,2013,-0.302633479129545
AT,2012,1.2830027920872
BE,2025,-3.96835875820548
BE,2024,-6.1637514992582
BE,2023,-0.652733821591808
BE,2022,2.22097062697703
BE,2021,5.6774240968721
BE,2020,-5.69020542304612
BE,2019,-1.97252997818915
BE,2018,-7.66649538713467
BE,2017,-7.4442379017663
BE,2016,12.1319420227113
BE,2015,-4.23261410354123
BE,2014,-2.82643623555084
BE,2013,-5.65561784857252
BE,2012,2.36956900950954
BG,2025,3.7338455582314
BG,2024,2.69152439380972
BG,2023,5.05862477510411
BG,2022,5.24634717472155
BG,2021,2.52871196630769
BG,2020,3.97413959442467
BG,2019,3.24216894514095
BG,2018,2.73803840992463
BG,2017,3.39237322223916
BG,2016,2.759819403762
BG,2015,4.37552708346678
BG,2014,1.91577938000482
BG,2013,3.56317557891608
BG,2012,3.29303083433452
CH,2025,-1.17732336606846
CH,2024,-11.1757250603926
CH,2023,-12.43582733744
CH,2022,-1.44605128264693
CH,2021,-14.366241892487
CH,2020,-31.5520454460584
CH,2019,3.03579308743079
CH,2018,-21.8417322340093
CH,2017,20.7708262545671
CH,2016,24.4555901017489
CH,2015,17.0946761521558
CH,2014,2.83378237216102
CH,2013,-3.46803774147053
CH,2012,5.72352684333341
CY,2025,27.0778550174763
CY,2024,-133.824213233455
CY,2023,-63.1546391215421
CY,2022,0.172623567791445
CY,2021,21.8171208826836
CY,2020,-296.013333456363
CY,2019,431.788575910459
CY,2018,307.086610313426
CY,2017,184.054180339924
CY,2016,15.8272346194166
CY,2015,137.220747221649
CY,2014,233.165814267121
CY,2013,108.090333712845
CY,2012,289.858155745793
CZ,2025,2.68622429295406
CZ,2024,3.8933976290188
CZ,2023,3.4462419046487
CZ,2022,3.02937517288668
CZ,2021,4.43029524586196
CZ,2020,3.39114066226469
CZ,2019,4.18705737619001
CZ,2018,3.30353998283407
CZ,2017,5.07066240955503
CZ,2016,5.47566421423918
CZ,2015,0.898913491904098
CZ,2014,3.83510153423089
CZ,2013,3.45386726376292
CZ,2012,4.48424380759869
DE,2025,1.88462297077013
DE,2024,1.33680512940413
DE,2023,1.99210813981277
DE,2022,1.82269397984058
DE,2021,2.93002168676674
DE,2020,4.48523547812751
DE,2019,1.9056930139782
DE,2018,4.00082875273687
DE,2017,2.88914588414184
DE,2016,1.64365840117303
DE,2015,1.82239938063641
DE,2014,0.437762571704246
DE,2013,1.76515036525359
DE,2012,1.8196411156431
DK,2024,4.29658848924698
DK,2023,2.0346382929142
DK,2022,6.9048667972729
DK,2021,4.18538817542322
DK,2020,0.363874538682217
DK,2019,-1.10067098319484
DK,2018,2.46670057625106
DK,2017,1.08780490285886
DK,2016,2.49983169836595
DK,2015,0.61075067778712
DK,2014,1.86415567840611
DK,2013,0.197410828523168
DK,2012,-5.00312031968255
ES,2025,1.47335515487964
ES,2024,2.47896679493344
ES,2023,2.89981565316893
ES,2022,4.65609043363165
ES,2021,4.42272902452136
ES,2020,2.92165980781023
ES,2019,2.16052375036307
ES,2018,4.46748509754483
ES,2017,2.54039212306223
ES,2016,3.61722479660389
ES,2015,1.97131692755332
ES,2014,2.31642230011085
ES,2013,3.4608559063245
ES,2012,1.44631700014204
EE,2025,-1.78224185932094
EE,2024,-7.97097840452121
EE,2023,12.540812828973
EE,2022,4.52988372813183
EE,2021,20.2291128645653
EE,2020,12.0147752855703
EE,2019,9.76819364646981
EE,2018,4.08015832167199
EE,2017,6.31892721219604
EE,2016,3.7692325610639
EE,2015,-3.06910519292015
EE,2014,6.58511618123403
EE,2013,4.31393930629533
EE,2012,7.6916567949516
FI,2025,-0.090167862928476
FI,2024,2.9263489451501
FI,2023,-0.0388895700301826
FI,2022,4.66691154081507
FI,2021,8.01406291677223
FI,2020,-0.939114055968044
FI,2019,6.09707710249334
FI,2018,-3.84456657280518
FI,2017,6.66136555422276
FI,2016,2.18951964860612
FI,2015,7.53800542922806
FI,2014,6.41537482088507
FI,2013,-1.83489440736896
FI,2012,1.91512248449208
FR,2025,2.16930740558009
FR,2024,1.64700185498585
FR,2023,0.590645170561014
FR,2022,4.0180319137717
FR,2021,3.30405312221271
FR,2020,0.731471704018579
FR,2019,1.96486943301562
FR,2018,2.78594184568695
FR,2017,1.68928072199317
FR,2016,1.44200321416196
FR,2015,1.76596182973896
FR,2014,0.176974174772525
FR,2013,1.18823404938295
FR,2012,1.22790071519382
GB,2025,1.91447167382408
GB,2024,-0.350561573947678
GB,2023,0.403116734836793
GB,2022,2.91635435189931
GB,2021,3.20643815254935
GB,2020,5.77039185007421
GB,2019,0.688204352262878
GB,2018,-0.864867036878713
GB,2017,4.64443540147576
GB,2016,11.9998637298189
GB,2015,1.53903424150931
GB,2014,1.90870445734316
GB,2013,1.94762104828418
GB,2012,1.71895853790766
GR,2024,2.6312519942121
GR,2023,1.94366777616511
GR,2022,3.69648293387112
GR,2021,3.0165221032062
GR,2020,1.72637818314203
GR,2019,2.41172201156202
GR,2018,1.88723349665643
GR,2017,1.7162955046024
GR,2016,1.3975055397238
GR,2015,0.652184629866422
GR,2014,1.15314480305525
GR,2013,1.24506178790059
GR,2012,0.695897838082299
HR,2024,4.87790164584768
HR,2023,3.90313322235581
HR,2022,5.51627272111755
HR,2021,7.42755621800021
HR,2020,2.53925977136019
HR,2019,6.47280555618669
HR,2018,2.6691078382689
HR,2017,3.24022473811694
HR,2016,2.99037238331044
HR,2015,0.958162552964542
HR,2014,5.34791756323206
HR,2013,1.59392354890083
HR,2012,2.5458971283455
HU,2025,-28.3736403614031
HU,2024,-27.5090725956422
HU,2023,-33.2799471781632
HU,2022,-1.05246677407293
HU,2021,18.2639108972104
HU,2020,105.635755544096
HU,2019,59.5775493833952
HU,2018,-40.1082460169744
HU,2017,-8.6313549623639
HU,2016,53.8467636785015
HU,2015,-4.3672559097876
HU,2014,9.1265022330579
HU,2013,-2.74986395257086
HU,2012,8.30549850772091
IE,2024,0.791076186083952
IE,2023,-24.6702589530642
IE,2022,-6.48790793588936
IE,2021,14.6537815105934
IE,2020,8.0934578228257
IE,2019,7.67467578422042
IE,2018,20.3601504375203
IE,2017,20.4170966260237
IE,2016,26.1253590357369
IE,2015,74.8169261487244
IE,2014,39.3649751606697
IE,2013,29.8612971089447
IE,2012,25.5993064499855
IS,2025,-0.52278219243446
IS,2024,8.53649263499069
IS,2023,5.96234250051157
IS,2022,4.73857488658574
IS,2021,1.52832650765088
IS,2020,-3.98671122506617
IS,2019,-2.22712995709055
IS,2018,-2.33423231382448
IS,2017,-27.9324374411863
IS,2016,-5.05739639771987
IS,2015,6.47308431453939
IS,2014,4.24755010057716
IS,2013,2.90937107233191
IS,2012,6.85345908435807
IT,2025,0.034602983660439
IT,2024,1.19623307999136
IT,2023,1.81363348239025
IT,2022,2.94181405797187
IT,2021,1.20474315612308
IT,2020,-0.893869914296462
IT,2019,1.77066894209208
IT,2018,2.10769610409512
IT,2017,0.44334154868577
IT,2016,1.35957350873308
IT,2015,0.720886367724088
IT,2014,0.783743281747353
IT,2013,0.907076904789878
IT,2012,0.00166359418160293
LT,2025,3.24263476181387
LT,2024,5.49705606704886
LT,2023,4.76764051451377
LT,2022,3.42488723499229
LT,2021,3.73869903984915
LT,2020,7.94344900363669
LT,2019,6.23035300556357
LT,2018,2.39550085067309
LT,2017,2.89745572307538
LT,2016,2.7403147410033
LT,2015,2.49622116332616
LT,2014,0.739699359398686
LT,2013,1.66003716547754
LT,2012,1.5855600934776
LU,2025,-92.8195151180004
LU,2024,113.622225285264
LU,2023,-10.4511316835125
LU,2022,-391.555119009248
LU,2021,28.7187121123012
LU,2020,-4.55819523596748
LU,2019,234.310617307358
LU,2018,-117.233947530512
LU,2017,-41.6509945601316
LU,2016,28.257554145971
LU,2015,75.6300240002581
LU,2014,29.1553925693205
LU,2013,35.7329034711934
LU,2012,4.7244838569188
LV,2025,0.501253304600754
LV,2024,3.44085977034145
LV,2023,3.94830779361871
LV,2022,3.20337891789771
LV,2021,9.77936027100744
LV,2020,2.81413557812427
LV,2019,3.37100266711483
LV,2018,1.32076900628522
LV,2017,4.04880019492543
LV,2016,1.23693505180815
LV,2015,3.08543258338884
LV,2014,3.45179531513632
LV,2013,3.39352198804719
LV,2012,3.98573894005036
MK,2025,3.53789593592464
MK,2024,6.23445071550033
MK,2023,4.04601094449743
MK,2022,6.13067578989693
MK,2021,4.97315294989199
MK,2020,0.0622421869397704
MK,2019,4.35892493383855
MK,2018,5.11494867914756
MK,2017,3.36726558000357
MK,2016,5.14755489783813
MK,2015,2.94702779153329
MK,2014,0.535807905351314
MK,2013,3.72036775399161
MK,2012,3.46744163927686
MT,2024,170.053519530959
MT,2023,108.735270770721
MT,2022,114.989519881534
MT,2021,433.606839879867
MT,2020,191.921868144409
MT,2019,198.199646841408
MT,2018,452.220863014151
MT,2017,299.824774271215
MT,2016,23.0840309905395
MT,2015,32.1027480550593
MT,2014,1.31122424310897
MT,2013,4.72416532328184
MT,2012,34.5864948714194
ME,2025,7.32378193243735
ME,2024,7.24450579243955
ME,2023,6.88011329539607
ME,2022,13.93925448378
ME,2021,11.9139900701323
ME,2020,11.2142250451191
ME,2019,7.61521877220221
ME,2018,8.93817743395497
ME,2017,11.6708896898026
ME,2016,5.2026187262712
ME,2015,17.4489134239704
ME,2014,10.8522505113394
ME,2013,10.0960470508044
ME,2012,15.1805619585204
NL,2024,-1.40518243891316
NL,2023,-30.2430732965592
NL,2022,1.47701805979237
NL,2021,-10.9725941589172
NL,2020,-23.6860117625863
NL,2019,-13.7565327156949
NL,2018,-30.6576768564655
NL,2017,23.7131758376085
NL,2016,34.7918547450687
NL,2015,48.4706196279081
NL,2014,15.9879956344505
NL,2013,36.6955717929323
NL,2012,30.9042384931276
NO,2025,-1.4735026863079
NO,2024,2.42254685844836
NO,2023,2.74499093797298
NO,2022,2.31291587479113
NO,2021,3.51903435020736
NO,2020,-0.858417094148667
NO,2019,3.84915053606091
NO,2018,-1.24603124120942
NO,2017,1.41952980990481
NO,2016,-4.87068870473279
NO,2015,1.81548452900569
NO,2014,0.628548707490107
NO,2013,-0.253383714333266
NO,2012,5.31305937295199
PL,2025,1.93405687091201
PL,2024,2.24523191798779
PL,2023,4.38918673390545
PL,2022,6.00626096603428
PL,2021,5.44306737738578
PL,2020,3.31499059495462
PL,2019,3.15455649244208
PL,2018,3.34803954559233
PL,2017,2.37812815599278
PL,2016,3.81608721408819
PL,2015,3.29546177974363
PL,2014,3.85089176515991
PL,2013,0.258983446617592
PL,2012,1.52886091421625
PT,2024,4.29974090969256
PT,2023,3.96325428743124
PT,2022,5.08368921917484
PT,2021,3.60836004516304
PT,2020,1.8141455418251
PT,2019,4.5038935303436
PT,2018,3.46584287446499
PT,2017,5.02041551787587
PT,2016,3.56282992803299
PT,2015,0.63522205292535
PT,2014,5.43851031792652
PT,2013,6.43654323197598
PT,2012,7.21535195239496
RO,2025,2.18672174987663
RO,2024,1.87134949618788
RO,2023,2.50426860654842
RO,2022,3.88649421607456
RO,2021,4.12832844182863
RO,2020,1.43737626680298
RO,2019,2.94522918789332
RO,2018,3.03714660753952
RO,2017,2.8327307446025
RO,2016,3.37417569649644
RO,2015,2.42725822119064
RO,2014,1.9372882717301
RO,2013,2.03100513989555
RO,2012,1.70143772893217
RS,2025,3.93697525829801
RS,2024,6.20235039860679
RS,2023,6.06995232091603
RS,2022,6.90354140371273
RS,2021,6.95312089132574
RS,2020,6.23865408002072
RS,2019,7.92487427143519
RS,2018,7.71374568954873
RS,2017,6.29636171721257
RS,2016,5.57770746372387
RS,2015,5.67381755834409
RS,2014,4.07119376860245
RS,2013,4.08141056622247
RS,2012,2.82759932149649
SK,2025,1.32903607891854
SK,2024,3.55503662060591
SK,2023,0.393861455912485
SK,2022,4.16872005912019
SK,2021,2.25677867211963
SK,2020,-1.05975666677956
SK,2019,2.15394548631737
SK,2018,2.11269531583982
SK,2017,4.39986424621101
SK,2016,5.27770700739813
SK,2015,1.70487122540291
SK,2014,-0.356803047431846
SK,2013,1.01266878582834
SK,2012,1.87551069035637
SI,2025,2.26084906229915
SI,2024,2.5587649173879
SI,2023,2.09028809314832
SI,2022,3.64010857871706
SI,2021,3.60613978687237
SI,2020,0.948340847721794
SI,2019,3.99098612082388
SI,2018,2.86489909951597
SI,2017,2.4842141360232
SI,2016,3.26541395278807
SI,2015,4.05096848349793
SI,2014,2.05875310395561
SI,2013,0.217315881641324
SI,2012,0.072644638587861
SE,2025,2.86246002434244
SE,2024,5.0794723229992
SE,2023,3.22512369002956
SE,2022,9.35228228785513
SE,2021,9.17868162234424
SE,2020,3.36375559523307
SE,2019,2.9559286166832
SE,2018,-0.129928906336359
SE,2017,4.54156677126576
SE,2016,3.01534061830454
SE,2015,1.94926707461038
SE,2014,-1.0454392642501
SE,2013,0.2546975094246
SE,2012,0.777373680569339
