geo,year,value
AL,2015,3983.2
AL,2016,4729.4
AL,2018,6407.0
AL,2019,6891.8
AL,2020,7368.3
AL,2021,7975.3
AL,2022,9420.3
AL,2023,12608.3
AT,2013,207838.0
AT,2014,221625.0
AT,2015,220802.0
AT,2016,186239.0
AT,2017,218070.0
AT,2018,186409.0
AT,2019,167860.0
AT,2024,217327.0
BE,2013,384623.0
BE,2014,441565.0
BE,2015,487852.0
BE,2016,489776.0
BE,2017,483255.0
BE,2018,495520.0
BE,2019,534360.0
BE,2020,510006.0
BE,2021,520038.0
BE,2022,520058.0
BE,2023,538042.0
BE,2024,519833.0
BG,2013,36751.7
BG,2014,37445.2
BG,2015,39931.1
BG,2016,40742.2
BG,2017,42462.8
BG,2018,44046.0
BG,2019,46058.6
BG,2020,47128.2
BG,2021,48688.6
BG,2022,50796.5
BG,2023,55459.5
BG,2024,57515.5
CH,2014,637791.9
CH,2015,780733.7
CH,2016,1026239.1
CH,2017,1094929.6
CH,2018,1149981.7
CH,2019,1239156.3
CH,2020,1147495.6
CH,2021,1059502.2
CH,2022,1049714.6
CH,2023,1011093.3
CH,2024,983542.9
CY,2013,292837.6
CY,2014,330637.6
CY,2015,371561.7
CY,2016,380462.1
CY,2017,376997.4
CY,2018,436996.0
CY,2019,552653.5
CY,2020,470378.8
CY,2021,481819.7
CY,2022,490298.0
CY,2023,397971.7
CY,2024,370174.5
CZ,2013,94575.6
CZ,2014,97856.4
CZ,2015,100401.2
CZ,2016,112944.6
CZ,2017,127050.5
CZ,2018,139872.2
CZ,2019,148551.3
CZ,2020,154628.5
CZ,2021,171332.0
CZ,2022,186943.6
CZ,2023,194667.5
DE,2013,680727.0
DE,2014,686835.0
DE,2015,695596.0
DE,2016,729725.0
DE,2017,777242.0
DE,2018,793633.0
DE,2019,826329.0
DE,2020,907633.0
DE,2021,939106.0
DE,2022,969140.0
DE,2023,1041592.0
DK,2020,129342.8
DK,2021,134035.7
DK,2022,173345.8
DK,2023,175240.5
DK,2024,176586.9
EE,2013,15964.2
EE,2014,17215.0
EE,2015,17318.5
EE,2016,18574.5
EE,2017,19999.8
EE,2018,21847.0
EE,2019,24999.1
EE,2020,28024.2
EE,2021,32400.5
EE,2022,32932.8
EE,2023,36977.4
EE,2024,35728.3
EL,2013,18744.3
EL,2014,17754.9
EL,2015,22119.3
EL,2016,23352.1
EL,2017,26318.8
EL,2018,28962.5
EL,2019,36817.0
EL,2020,27806.7
EL,2021,33016.7
EL,2022,41458.4
EL,2023,48762.1
EL,2024,54803.5
ES,2013,360197.0
ES,2014,377913.0
ES,2015,398440.0
ES,2016,439523.0
ES,2017,463487.0
ES,2018,514025.0
ES,2019,541637.0
ES,2020,555847.0
ES,2021,600456.0
ES,2022,627941.0
ES,2023,664352.0
EU27_2020,2013,9609951.7
EU27_2020,2014,10640313.7
EU27_2020,2015,12416026.6
EU27_2020,2016,13058227.0
EU27_2020,2017,13644697.7
EU27_2020,2018,13288462.7
EU27_2020,2019,13874494.3
EU27_2020,2020,13630857.6
EU27_2020,2021,14260026.6
EU27_2020,2022,14558293.4
EU27_2020,2023,13946919.9
EU28,2016,14442338.2
EU28,2018,14970964.1
FI,2013,63375.0
FI,2014,75588.0
FI,2015,73950.0
FI,2016,74775.0
FI,2017,73728.0
FI,2018,61429.0
FI,2019,74994.0
FI,2020,71895.0
FI,2021,74055.0
FI,2022,76319.0
FI,2023,78948.0
FI,2024,81349.0
FR,2013,583550.0
FR,2014,589370.0
FR,2015,643937.0
FR,2016,666318.0
FR,2017,706116.0
FR,2018,700155.0
FR,2019,744148.0
FR,2020,781920.0
FR,2021,835705.0
FR,2022,901532.0
FR,2023,927661.0
HR,2013,16569.9
HR,2014,18911.9
HR,2015,17441.3
HR,2016,19601.2
HR,2017,20712.2
HR,2018,21882.3
HR,2019,23949.6
HR,2020,23147.5
HR,2021,25356.3
HR,2022,25543.6
HR,2023,30451.7
HU,2013,177401.9
HU,2014,180651.6
HU,2015,176869.8
HU,2016,223816.1
HU,2017,205343.5
HU,2018,149331.8
HU,2019,201887.4
HU,2020,278858.9
HU,2021,314637.0
HU,2022,318655.5
HU,2023,298185.3
IE,2013,321129.4
IE,2014,383989.2
IE,2015,845388.6
IE,2016,815242.1
IE,2017,927895.0
IE,2018,944285.2
IE,2019,1132184.0
IE,2020,1159899.0
IE,2021,1257938.0
IE,2022,1350229.0
IE,2023,1186567.0
IE,2024,1089152.0
IS,2013,8562.8
IS,2014,9111.4
IS,2015,10082.6
IS,2016,12484.8
IS,2017,8780.9
IS,2021,8913.9
IS,2022,9079.9
IS,2023,9613.0
IS,2024,11292.1
IT,2013,246058.9
IT,2014,270093.5
IT,2015,291048.0
IT,2016,311187.0
IT,2017,329131.9
IT,2018,352912.5
IT,2019,366474.3
IT,2020,369832.7
IT,2021,370355.8
IT,2022,407384.6
IT,2023,428817.4
JP,2014,142597.9
JP,2015,160102.2
JP,2016,186098.1
JP,2017,180377.2
JP,2018,180114.0
JP,2019,200279.7
JP,2020,204876.0
LT,2013,13889.6
LT,2014,13610.0
LT,2015,14412.8
LT,2016,14973.6
LT,2017,15956.4
LT,2018,16509.5
LT,2019,20078.4
LT,2020,24048.4
LT,2021,26874.7
LT,2022,30877.7
LT,2023,32999.6
LT,2024,36426.2
LU,2013,2156036.0
LU,2014,2666234.0
LU,2015,3604520.0
LU,2016,3782536.0
LU,2017,3686564.0
LU,2018,3334149.0
LU,2019,3230283.0
LU,2020,3114304.0
LU,2021,3136112.0
LU,2022,2918822.0
LU,2023,2583534.0
LU,2024,2695814.0
LV,2013,11324.0
LV,2014,11830.0
LV,2015,12837.0
LV,2016,12898.0
LV,2017,14001.0
LV,2018,14587.0
LV,2019,15295.0
LV,2020,16003.0
LV,2021,20403.0
LV,2022,21901.0
LV,2023,24007.0
LV,2024,25472.0
ME,2020,4643.0
MK,2016,4657.3
MK,2017,4697.8
MK,2018,5307.0
MK,2019,5704.1
MK,2020,5851.7
MK,2021,6298.1
MK,2022,7012.9
MK,2023,7532.5
MK,2024,8477.5
MT,2013,133787.0
MT,2014,142775.0
MT,2015,151869.0
MT,2016,161371.0
NL,2013,3189826.0
NL,2014,3442279.0
NL,2015,3584072.0
NL,2016,3863813.0
NL,2017,3983649.0
NL,2018,3822487.0
NL,2019,3912824.0
NL,2020,3584415.0
NL,2021,3688654.0
NL,2022,3799489.0
NL,2023,3469035.0
NL,2024,3526841.0
NO,2012,143686.3
NO,2013,142603.6
NO,2014,138195.1
NO,2015,137975.3
NO,2016,140826.8
NO,2017,128005.8
NO,2018,136530.2
NO,2019,143169.6
NO,2020,130294.2
NO,2021,138465.8
NO,2022,129891.8
NO,2023,148283.9
NO,2024,141954.3
PL,2013,172512.8
PL,2014,179622.6
PL,2015,174286.0
PL,2016,183192.5
PL,2017,203527.0
PL,2018,205924.8
PL,2019,221916.3
PL,2020,217256.8
PL,2021,248038.9
PL,2022,264665.2
PL,2023,308773.5
PL,2024,314249.2
PT,2013,105264.1
PT,2014,112177.4
PT,2015,122325.9
PT,2016,124650.1
PT,2017,133712.4
PT,2018,129436.4
PT,2019,139756.4
PT,2020,140207.2
PT,2021,152535.2
PT,2022,161788.6
PT,2023,176168.8
PT,2024,180818.7
RO,2013,60824.6
RO,2014,61990.1
RO,2015,64670.2
RO,2016,70774.6
RO,2017,75870.1
RO,2018,81130.9
RO,2019,88235.8
RO,2020,90793.5
RO,2021,100245.5
RO,2022,107898.4
RO,2023,118206.8
RO,2024,125029.7
RS,2013,22295.0
RS,2014,24376.0
RS,2022,50216.0
SE,2013,275844.8
SE,2014,255702.3
SE,2015,279583.3
SE,2016,288909.4
SE,2017,292330.7
SE,2018,283083.4
SE,2019,296162.4
SE,2020,331628.1
SE,2021,365124.5
SE,2022,368696.8
SE,2023,390589.8
SI,2013,8897.0
SI,2014,10201.6
SI,2015,11612.0
SI,2016,12970.5
SI,2017,13956.9
SI,2018,15254.2
SI,2019,16178.7
SI,2020,16663.9
SI,2021,18778.1
SI,2022,20248.4
SI,2023,22247.2
SI,2024,23039.1
SK,2013,42071.9
SK,2014,40969.2
SK,2015,42265.5
SK,2016,45150.3
SK,2017,49619.7
SK,2018,52279.4
SK,2020,52394.4
SK,2021,52818.4
SK,2022,56165.1
SK,2023,60079.9
TR,2017,164160.3
TR,2018,126866.1
TR,2019,143092.1
TR,2021,122381.4
TR,2022,241589.4
TR,2023,191757.8
UK,2016,1384111.2
US,2013,1977974.8
US,2014,2426319.9
US,2015,3081571.6
US,2016,3571875.5
US,2017,3295517.4
US,2018,3650641.0
US,2019,3915580.4
US,2020,3759661.8
XK,2015,2055.9
XK,2016,2207.0
XK,2018,2290.2
XK,2019,3968.8
XK,2020,4229.4
XK,2021,4648.4
